{"accuracy": [0.909004271030426, 0.9385963678359985], "loss": [0.279943585395813, 0.19057109951972961], "val_accuracy": [0.926575243473053, 0.9450737237930298], "val_loss": [0.22838759422302246, 0.17454637587070465]}